交易日期,契約,到期月份(週別),開盤價,最高價,最低價,收盤價,漲跌價,漲跌%,成交量,結算價,未沖銷契約數,最後最佳買價,最後最佳賣價,歷史最高價,歷史最低價,是否因訊息面暫停交易,交易時段,價差對單式委託成交量
2023/08/01,TX,202308  ,17160,17218,17090,17182,79,0.46%,92003,17178,74399,17179,17182,17425,15631,,一般,,
2023/08/01,TX,202308  ,17097,17148,17075,17135,32,0.19%,34788,-,-,17131,17138,17425,15631,,盤後,,
2023/08/01,TX,202309  ,17117,17177,17055,17140,70,0.41%,971,17140,2726,17140,17146,17386,11969,,一般,,
2023/08/01,TX,202309  ,17070,17114,17045,17104,34,0.20%,432,-,-,17095,17104,17386,11969,,盤後,,
2023/08/01,TX,202310  ,17129,17153,17044,17118,66,0.39%,47,17119,191,17117,17124,17360,16808,,一般,,
2023/08/01,TX,202310  ,17056,17090,17037,17050,-2,-0.01%,25,-,-,17073,17083,17360,16808,,盤後,,
2023/08/01,TX,202312  ,17076,17106,17000,17079,64,0.38%,14,17079,457,17076,17083,17310,13257,,一般,,
2023/08/01,TX,202312  ,17015,17050,16987,17014,-1,-0.01%,15,-,-,17032,17043,17310,13257,,盤後,,
2023/08/01,TX,202403  ,16998,17050,16936,17010,62,0.37%,52,17010,498,17013,17022,17258,14451,,一般,,
2023/08/01,TX,202403  ,16929,16990,16929,16990,42,0.25%,16,-,-,16972,16984,17258,14451,,盤後,,
2023/08/01,TX,202406  ,16862,16908,16862,16908,52,0.31%,3,16926,72,16921,16932,17122,16330,,一般,,
2023/08/01,TX,202406  ,16878,16878,16878,16878,22,0.13%,1,-,-,16880,16894,17122,16330,,盤後,,
2023/08/02,TX,202308  ,17093,17162,16806,16814,-364,-2.12%,136576,16820,75872,16814,16816,17425,15631,,一般,,
2023/08/02,TX,202308  ,17182,17195,17101,17143,-35,-0.20%,37388,-,-,17143,17147,17425,15631,,盤後,,
2023/08/02,TX,202309  ,17078,17127,16777,16785,-355,-2.07%,1666,16788,3137,16782,16786,17386,11969,,一般,,
2023/08/02,TX,202309  ,17147,17151,17070,17112,-28,-0.16%,421,-,-,17108,17115,17386,11969,,盤後,,
2023/08/02,TX,202310  ,17060,17096,16760,16762,-357,-2.09%,160,16761,245,16762,16764,17360,16760,,一般,,
2023/08/02,TX,202310  ,17132,17132,17048,17085,-34,-0.20%,22,-,-,17086,17094,17360,16808,,盤後,,
2023/08/02,TX,202312  ,17035,17056,16720,16746,-333,-1.95%,110,16721,486,16718,16724,17310,13257,,一般,,
2023/08/02,TX,202312  ,17082,17082,17026,17030,-49,-0.29%,11,-,-,17045,17052,17310,13257,,盤後,,
2023/08/02,TX,202403  ,16958,16966,16660,16675,-335,-1.97%,27,16659,488,16654,16664,17258,14451,,一般,,
2023/08/02,TX,202403  ,17024,17028,16966,16970,-40,-0.24%,12,-,-,16979,16989,17258,14451,,盤後,,
2023/08/02,TX,202406  ,16885,16901,16585,16590,-336,-1.99%,23,16567,86,16561,16574,17122,16330,,一般,,
2023/08/02,TX,202406  ,16910,16910,16872,16872,-54,-0.32%,3,-,-,16889,16901,17122,16330,,盤後,,
2023/08/04,TX,202308  ,16720,16863,16715,16824,4,0.02%,96586,16823,74523,16824,16826,17425,15631,,一般,,
2023/08/04,TX,202308  ,16790,16812,16659,16666,-154,-0.92%,66447,-,-,16659,16667,17425,15631,,盤後,,
2023/08/04,TX,202309  ,16684,16830,16684,16793,5,0.03%,743,16793,3241,16789,16794,17386,11969,,一般,,
2023/08/04,TX,202309  ,16763,16777,16628,16630,-158,-0.94%,984,-,-,16627,16636,17386,11969,,盤後,,
2023/08/04,TX,202310  ,16706,16799,16688,16781,20,0.12%,38,16769,249,16767,16772,17360,16608,,一般,,
2023/08/04,TX,202310  ,16724,16727,16608,16619,-142,-0.85%,56,-,-,16603,16615,17360,16608,,盤後,,
2023/08/04,TX,202312  ,16657,16750,16651,16719,-2,-0.01%,35,16731,486,16728,16734,17310,13257,,一般,,
2023/08/04,TX,202312  ,16690,16692,16602,16625,-96,-0.57%,26,-,-,16565,16577,17310,13257,,盤後,,
2023/08/04,TX,202403  ,16615,16688,16615,16688,29,0.17%,6,16667,488,16664,16671,17258,14451,,一般,,
2023/08/04,TX,202403  ,16580,16639,16520,16520,-139,-0.83%,8,-,-,16498,16511,17258,14451,,盤後,,
2023/08/04,TX,202406  ,16528,16606,16528,16579,12,0.07%,28,16579,97,16577,16586,17122,16330,,一般,,
2023/08/04,TX,202406  ,16492,16530,16440,16440,-127,-0.77%,23,-,-,16412,16428,17122,16330,,盤後,,
2023/08/07,TX,202308  ,16859,17027,16836,17002,179,1.06%,93476,17000,73569,17002,17003,17425,15631,,一般,,
2023/08/07,TX,202308  ,16824,16924,16725,16766,-57,-0.34%,70189,-,-,16766,16774,17425,15631,,盤後,,
2023/08/07,TX,202309  ,16818,16989,16809,16960,167,0.99%,1318,16960,3233,16965,16968,17386,11969,,一般,,
2023/08/07,TX,202309  ,16779,16888,16695,16738,-55,-0.33%,1067,-,-,16735,16744,17386,11969,,盤後,,
2023/08/07,TX,202310  ,16794,16965,16790,16932,163,0.97%,62,16946,234,16944,16948,17360,16608,,一般,,
2023/08/07,TX,202310  ,16759,16857,16704,16753,-16,-0.10%,29,-,-,16711,16722,17360,16608,,盤後,,
2023/08/07,TX,202312  ,16763,16922,16762,16922,191,1.14%,26,16906,481,16904,16908,17310,13257,,一般,,
2023/08/07,TX,202312  ,16711,16819,16660,16706,-25,-0.15%,23,-,-,16670,16683,17310,13257,,盤後,,
2023/08/07,TX,202403  ,16695,16860,16695,16860,193,1.16%,12,16843,486,16840,16847,17258,14451,,一般,,
2023/08/07,TX,202403  ,16635,16760,16600,16650,-17,-0.10%,12,-,-,16608,16621,17258,14451,,盤後,,
2023/08/07,TX,202406  ,16606,16765,16602,16764,185,1.12%,76,16764,89,16753,16760,17122,16330,,一般,,
2023/08/07,TX,202406  ,16490,16675,16490,16550,-29,-0.17%,52,-,-,16522,16536,17122,16330,,盤後,,
2023/08/08,TX,202308  ,17020,17026,16757,16853,-147,-0.86%,114678,16852,71198,16853,16855,17425,15631,,一般,,
2023/08/08,TX,202308  ,16996,17052,16933,17025,25,0.15%,47296,-,-,17022,17026,17425,15631,,盤後,,
2023/08/08,TX,202309  ,16999,16999,16733,16825,-135,-0.80%,1570,16823,3674,16825,16829,17386,11969,,一般,,
2023/08/08,TX,202309  ,16960,17012,16903,16994,34,0.20%,709,-,-,16991,16996,17386,11969,,盤後,,
2023/08/08,TX,202310  ,16946,16946,16726,16810,-136,-0.80%,74,16810,292,16809,16815,17360,16608,,一般,,
2023/08/08,TX,202310  ,16958,16989,16886,16980,34,0.20%,64,-,-,16971,16979,17360,16608,,盤後,,
2023/08/08,TX,202312  ,16920,16920,16701,16764,-142,-0.84%,35,16764,492,16767,16773,17310,13257,,一般,,
2023/08/08,TX,202312  ,16939,16951,16853,16883,-23,-0.14%,6,-,-,16929,16937,17310,13257,,盤後,,
2023/08/08,TX,202403  ,16860,16860,16685,16724,-119,-0.71%,9,16712,483,16707,16718,17258,14451,,一般,,
2023/08/08,TX,202403  ,16840,16871,16800,16871,28,0.17%,8,-,-,16865,16875,17258,14451,,盤後,,
2023/08/08,TX,202406  ,16750,16750,16560,16625,-139,-0.83%,23,16625,103,16623,16634,17122,16330,,一般,,
2023/08/08,TX,202406  ,16760,16798,16700,16781,17,0.10%,32,-,-,16780,16790,17122,16330,,盤後,,
2023/08/09,TX,202308  ,16815,16935,16780,16852,0,0.00%,99083,16853,69805,16852,16855,17425,15631,,一般,,
2023/08/09,TX,202308  ,16822,16868,16712,16778,-74,-0.44%,53318,-,-,16778,16784,17425,15631,,盤後,,
2023/08/09,TX,202309  ,16777,16905,16755,16825,2,0.01%,1668,16825,3869,16823,16829,17386,11969,,一般,,
2023/08/09,TX,202309  ,16800,16838,16687,16767,-56,-0.33%,964,-,-,16752,16761,17386,11969,,盤後,,
2023/08/09,TX,202310  ,16780,16886,16774,16802,-8,-0.05%,109,16813,337,16811,16816,17360,16608,,一般,,
2023/08/09,TX,202310  ,16770,16772,16683,16758,-52,-0.31%,55,-,-,16739,16751,17360,16608,,盤後,,
2023/08/09,TX,202312  ,16739,16846,16710,16777,13,0.08%,62,16777,487,16772,16778,17310,13257,,一般,,
2023/08/09,TX,202312  ,16764,16764,16640,16716,-48,-0.29%,36,-,-,16697,16709,17310,13257,,盤後,,
2023/08/09,TX,202403  ,16660,16780,16660,16720,8,0.05%,20,16720,487,16714,16722,17258,14451,,一般,,
2023/08/09,TX,202403  ,16708,16708,16593,16618,-94,-0.56%,13,-,-,16639,16655,17258,14451,,盤後,,
2023/08/09,TX,202406  ,16595,16701,16585,16611,-14,-0.08%,31,16636,112,16631,16641,17122,16330,,一般,,
2023/08/09,TX,202406  ,16625,16625,16513,16533,-92,-0.55%,13,-,-,16554,16574,17122,16330,,盤後,,
2023/08/10,TX,202308  ,16788,16797,16584,16660,-193,-1.15%,115276,16656,67873,16657,16660,17425,15631,,一般,,
2023/08/10,TX,202308  ,16863,16917,16733,16776,-77,-0.46%,59101,-,-,16773,16777,17425,15631,,盤後,,
2023/08/10,TX,202309  ,16771,16773,16569,16637,-188,-1.12%,3254,16635,5368,16635,16638,17386,11969,,一般,,
2023/08/10,TX,202309  ,16830,16888,16715,16753,-72,-0.43%,1401,-,-,16752,16759,17386,11969,,盤後,,
2023/08/10,TX,202310  ,16756,16756,16570,16634,-179,-1.06%,137,16634,338,16623,16632,17360,16570,,一般,,
2023/08/10,TX,202310  ,16832,16868,16710,16742,-71,-0.42%,60,-,-,16739,16751,17360,16608,,盤後,,
2023/08/10,TX,202312  ,16700,16725,16544,16604,-173,-1.03%,135,16604,475,16595,16603,17310,13257,,一般,,
2023/08/10,TX,202312  ,16772,16837,16672,16706,-71,-0.42%,41,-,-,16701,16716,17310,13257,,盤後,,
2023/08/10,TX,202403  ,16600,16600,16500,16544,-176,-1.05%,22,16544,480,16540,16553,17258,14451,,一般,,
2023/08/10,TX,202403  ,16738,16783,16616,16634,-86,-0.51%,15,-,-,16644,16662,17258,14451,,盤後,,
2023/08/10,TX,202406  ,16578,16578,16411,16433,-203,-1.22%,27,16471,131,16463,16480,17122,16330,,一般,,
2023/08/10,TX,202406  ,16657,16695,16531,16580,-56,-0.34%,27,-,-,16563,16576,17122,16330,,盤後,,
2023/08/11,TX,202308  ,16711,16754,16574,16625,-31,-0.19%,96858,16625,65389,16626,16627,17425,15631,,一般,,
2023/08/11,TX,202308  ,16652,16793,16628,16677,21,0.13%,78254,-,-,16677,16679,17425,15631,,盤後,,
2023/08/11,TX,202309  ,16667,16725,16558,16603,-32,-0.19%,4421,16604,7243,16602,16606,17386,11969,,一般,,
2023/08/11,TX,202309  ,16630,16769,16609,16652,17,0.10%,3411,-,-,16654,16657,17386,11969,,盤後,,
2023/08/11,TX,202310  ,16667,16711,16553,16593,-41,-0.25%,83,16593,367,16592,16598,17360,16553,,一般,,
2023/08/11,TX,202310  ,16658,16750,16604,16644,10,0.06%,50,-,-,16646,16650,17360,16570,,盤後,,
2023/08/11,TX,202312  ,16646,16668,16544,16560,-44,-0.26%,40,16560,498,16563,16568,17310,13257,,一般,,
2023/08/11,TX,202312  ,16602,16712,16590,16602,-2,-0.01%,87,-,-,16614,16621,17310,13257,,盤後,,
2023/08/11,TX,202403  ,16600,16620,16500,16513,-31,-0.19%,13,16513,479,16513,16520,17258,14451,,一般,,
2023/08/11,TX,202403  ,16575,16660,16575,16660,116,0.70%,3,-,-,16555,16569,17258,14451,,盤後,,
2023/08/11,TX,202406  ,16446,16446,16404,16425,-46,-0.28%,3,16445,133,16436,16454,17122,16330,,一般,,
2023/08/11,TX,202406  ,16523,16580,16450,16450,-21,-0.13%,8,-,-,16481,16493,17122,16330,,盤後,,
2023/08/14,TX,202308  ,16567,16570,16306,16378,-247,-1.49%,142754,16377,44624,16376,16378,17425,15631,,一般,,
2023/08/14,TX,202308  ,16630,16644,16543,16562,-63,-0.38%,55193,-,-,16561,16565,17425,15631,,盤後,,
2023/08/14,TX,202309  ,16540,16547,16298,16355,-249,-1.50%,35064,16359,32529,16357,16359,17386,11969,,一般,,
2023/08/14,TX,202309  ,16608,16622,16526,16545,-59,-0.36%,2601,-,-,16544,16548,17386,11969,,盤後,,
2023/08/14,TX,202310  ,16553,16553,16299,16355,-238,-1.43%,195,16355,460,16348,16353,17360,16299,,一般,,
2023/08/14,TX,202310  ,16604,16609,16532,16545,-48,-0.29%,47,-,-,16534,16543,17360,16532,,盤後,,
2023/08/14,TX,202312  ,16495,16495,16278,16336,-224,-1.35%,147,16336,496,16324,16335,17310,13257,,一般,,
2023/08/14,TX,202312  ,16580,16580,16492,16519,-41,-0.25%,83,-,-,16504,16519,17310,13257,,盤後,,
2023/08/14,TX,202403  ,16455,16455,16231,16287,-226,-1.37%,66,16287,514,16279,16287,17258,14451,,一般,,
2023/08/14,TX,202403  ,16485,16504,16442,16442,-71,-0.43%,11,-,-,16453,16468,17258,14451,,盤後,,
2023/08/14,TX,202406  ,16360,16360,16195,16223,-222,-1.35%,32,16223,161,16225,16249,17122,16195,,一般,,
2023/08/14,TX,202406  ,16415,16440,16385,16389,-56,-0.34%,26,-,-,16380,16390,17122,16330,,盤後,,
2023/08/15,TX,202308  ,16471,16540,16422,16422,45,0.27%,89792,16423,28854,16422,16424,17425,15631,,一般,,
2023/08/15,TX,202308  ,16374,16484,16332,16476,99,0.60%,50886,-,-,16476,16478,17425,15631,,盤後,,
2023/08/15,TX,202309  ,16456,16518,16398,16399,40,0.24%,31641,16400,42043,16398,16399,17386,11969,,一般,,
2023/08/15,TX,202309  ,16355,16458,16312,16455,96,0.59%,6459,-,-,16452,16455,17386,11969,,盤後,,
2023/08/15,TX,202310  ,16442,16500,16394,16394,39,0.24%,136,16394,488,16391,16394,17360,16299,,一般,,
2023/08/15,TX,202310  ,16346,16449,16317,16449,94,0.57%,57,-,-,16443,16447,17360,16299,,盤後,,
2023/08/15,TX,202312  ,16421,16475,16366,16366,30,0.18%,70,16366,494,16361,16369,17310,13257,,一般,,
2023/08/15,TX,202312  ,16338,16421,16277,16421,85,0.52%,72,-,-,16415,16426,17310,13257,,盤後,,
2023/08/15,TX,202403  ,16363,16430,16335,16335,48,0.29%,42,16324,513,16320,16328,17258,14451,,一般,,
2023/08/15,TX,202403  ,16300,16340,16246,16340,53,0.33%,17,-,-,16371,16388,17258,14451,,盤後,,
2023/08/15,TX,202406  ,16323,16387,16320,16324,101,0.62%,37,16275,163,16264,16286,17122,16195,,一般,,
2023/08/15,TX,202406  ,16200,16252,16200,16252,29,0.18%,3,-,-,16316,16339,17122,16195,,盤後,,
2023/08/16,TX,202308  ,16300,16413,16290,16364,-59,-0.36%,58199,0,14591,16364,16365,17425,15631,,一般,,
2023/08/16,TX,202308  ,16420,16438,16324,16335,-88,-0.54%,43559,-,-,16334,16341,17425,15631,,盤後,,
2023/08/16,TX,202309  ,16322,16399,16275,16372,-28,-0.17%,56198,16373,55756,16372,16373,17386,11969,,一般,,
2023/08/16,TX,202309  ,16400,16415,16308,16313,-87,-0.53%,10213,-,-,16313,16322,17386,11969,,盤後,,
2023/08/16,TX,202310  ,16320,16390,16279,16366,-28,-0.17%,218,16366,562,16364,16367,17360,16279,,一般,,
2023/08/16,TX,202310  ,16395,16395,16301,16311,-83,-0.51%,156,-,-,16305,16317,17360,16299,,盤後,,
2023/08/16,TX,202312  ,16288,16367,16251,16345,-21,-0.13%,78,16345,497,16343,16347,17310,13257,,一般,,
2023/08/16,TX,202312  ,16351,16351,16290,16301,-65,-0.40%,35,-,-,16284,16297,17310,13257,,盤後,,
2023/08/16,TX,202403  ,16232,16322,16227,16322,-2,-0.01%,28,16306,520,16304,16308,17258,14451,,一般,,
2023/08/16,TX,202403  ,16307,16307,16250,16252,-72,-0.44%,21,-,-,16240,16259,17258,14451,,盤後,,
2023/08/16,TX,202406  ,16140,16259,16140,16259,-16,-0.10%,6,16259,164,16249,16259,17122,16140,,一般,,
2023/08/16,TX,202406  ,16205,16211,16205,16211,-64,-0.39%,2,-,-,16183,16214,17122,16195,,盤後,,
2023/08/17,TX,202309  ,16261,16493,16205,16454,81,0.49%,124759,16456,63340,16454,16459,17386,11969,,一般,,
2023/08/17,TX,202309  ,16380,16443,16305,16317,-56,-0.34%,56339,-,-,16313,16318,17386,11969,,盤後,,
2023/08/17,TX,202310  ,16267,16480,16205,16445,79,0.48%,1385,16445,881,16443,16448,17360,16205,,一般,,
2023/08/17,TX,202310  ,16380,16432,16301,16310,-56,-0.34%,760,-,-,16307,16315,17360,16279,,盤後,,
2023/08/17,TX,202311  ,16261,16467,16207,16452,85,0.52%,51,16452,27,16439,16447,16467,16207,,一般,,
2023/08/17,TX,202312  ,16300,16455,16202,16451,106,0.65%,91,16426,511,16422,16430,17310,13257,,一般,,
2023/08/17,TX,202312  ,16394,16401,16292,16292,-53,-0.32%,61,-,-,16287,16304,17310,13257,,盤後,,
2023/08/17,TX,202403  ,16199,16418,16165,16417,111,0.68%,48,16391,520,16387,16396,17258,14451,,一般,,
2023/08/17,TX,202403  ,16330,16368,16254,16254,-52,-0.32%,27,-,-,16254,16267,17258,14451,,盤後,,
2023/08/17,TX,202406  ,16157,16380,16157,16347,88,0.54%,14,16347,173,16336,16352,17122,16140,,一般,,
2023/08/17,TX,202406  ,16300,16300,16296,16296,37,0.23%,2,-,-,16200,16219,17122,16140,,盤後,,
2023/08/18,TX,202309  ,16422,16541,16320,16352,-104,-0.63%,118197,16353,64407,16352,16356,17386,11969,,一般,,
2023/08/18,TX,202309  ,16502,16545,16389,16400,-56,-0.34%,58940,-,-,16400,16404,17386,11969,,盤後,,
2023/08/18,TX,202310  ,16412,16521,16316,16344,-101,-0.61%,1585,16344,1282,16342,16349,17360,16205,,一般,,
2023/08/18,TX,202310  ,16483,16534,16386,16392,-53,-0.32%,776,-,-,16394,16401,17360,16205,,盤後,,
2023/08/18,TX,202311  ,16401,16517,16337,16351,-101,-0.61%,87,16351,42,16338,16352,16528,16207,,一般,,
2023/08/18,TX,202311  ,16500,16528,16397,16397,-55,-0.33%,42,-,-,16397,16406,16528,16207,,盤後,,
2023/08/18,TX,202312  ,16359,16492,16306,16330,-96,-0.58%,75,16330,519,16322,16336,17310,13257,,一般,,
2023/08/18,TX,202312  ,16472,16505,16372,16372,-54,-0.33%,49,-,-,16373,16384,17310,13257,,盤後,,
2023/08/18,TX,202403  ,16438,16438,16285,16285,-106,-0.65%,3,16285,520,16285,16305,17258,14451,,一般,,
2023/08/18,TX,202403  ,16445,16460,16355,16355,-36,-0.22%,13,-,-,16337,16347,17258,14451,,盤後,,
2023/08/18,TX,202406  ,16337,16417,16234,16236,-111,-0.68%,8,16236,177,16237,16261,17122,16140,,一般,,
2023/08/18,TX,202406  ,16396,16418,16300,16300,-47,-0.29%,9,-,-,16290,16302,17122,16140,,盤後,,
2023/08/21,TX,202309  ,16424,16474,16325,16351,-2,-0.01%,91744,16348,66185,16349,16352,17386,11969,,一般,,
2023/08/21,TX,202309  ,16348,16393,16266,16372,19,0.12%,58954,-,-,16370,16371,17386,11969,,盤後,,
2023/08/21,TX,202310  ,16400,16456,16319,16340,-4,-0.02%,684,16336,1358,16339,16344,17360,16205,,一般,,
2023/08/21,TX,202310  ,16344,16379,16262,16363,19,0.12%,788,-,-,16358,16365,17360,16205,,盤後,,
2023/08/21,TX,202311  ,16411,16446,16320,16338,-13,-0.08%,31,16338,46,16339,16347,16528,16207,,一般,,
2023/08/21,TX,202311  ,16302,16367,16276,16363,12,0.07%,7,-,-,16353,16362,16528,16207,,盤後,,
2023/08/21,TX,202312  ,16379,16415,16306,16320,-10,-0.06%,59,16320,511,16325,16332,17310,13257,,一般,,
2023/08/21,TX,202312  ,16340,16353,16261,16329,-1,-0.01%,76,-,-,16330,16349,17310,13257,,盤後,,
2023/08/21,TX,202403  ,16350,16350,16293,16300,15,0.09%,5,16300,525,16285,16297,17258,14451,,一般,,
2023/08/21,TX,202403  ,16242,16242,16242,16242,-43,-0.26%,2,-,-,16279,16333,17258,14451,,盤後,,
2023/08/21,TX,202406  ,-,-,-,-,-,-,0,16252,175,16247,16258,17122,16140,,一般,,
2023/08/21,TX,202406  ,16151,16262,16151,16262,26,0.16%,6,-,-,16216,16275,17122,16140,,盤後,,
2023/08/22,TX,202309  ,16495,16507,16380,16401,53,0.32%,86244,16400,64491,16399,16401,17386,11969,,一般,,
2023/08/22,TX,202309  ,16341,16484,16335,16474,126,0.77%,47324,-,-,16472,16474,17386,11969,,盤後,,
2023/08/22,TX,202310  ,16480,16492,16375,16390,54,0.33%,589,16390,1291,16389,16394,17360,16205,,一般,,
2023/08/22,TX,202310  ,16343,16469,16335,16459,123,0.75%,462,-,-,16458,16463,17360,16205,,盤後,,
2023/08/22,TX,202311  ,16487,16487,16376,16394,56,0.34%,54,16394,52,16388,16395,16528,16207,,一般,,
2023/08/22,TX,202311  ,16334,16465,16334,16463,125,0.77%,40,-,-,16459,16465,16528,16207,,盤後,,
2023/08/22,TX,202312  ,16456,16468,16362,16376,56,0.34%,28,16376,504,16369,16375,17310,13257,,一般,,
2023/08/22,TX,202312  ,16343,16431,16315,16431,111,0.68%,30,-,-,16438,16444,17310,13257,,盤後,,
2023/08/22,TX,202403  ,16418,16418,16334,16345,45,0.28%,6,16345,526,16336,16341,17258,14451,,一般,,
2023/08/22,TX,202403  ,16305,16399,16305,16399,99,0.61%,4,-,-,16403,16413,17258,14451,,盤後,,
2023/08/22,TX,202406  ,16300,16300,16295,16295,43,0.26%,2,16295,177,16296,16307,17122,16140,,一般,,
2023/08/22,TX,202406  ,16252,16374,16252,16374,122,0.75%,6,-,-,16364,16378,17122,16140,,盤後,,
2023/08/23,TX,202309  ,16419,16561,16405,16559,159,0.97%,97878,16558,66814,16558,16560,17386,11969,,一般,,
2023/08/23,TX,202309  ,16433,16472,16334,16374,-26,-0.16%,49716,-,-,16369,16374,17386,11969,,盤後,,
2023/08/23,TX,202310  ,16400,16545,16396,16543,153,0.93%,1084,16543,1444,16543,16546,17360,16205,,一般,,
2023/08/23,TX,202310  ,16421,16458,16325,16365,-25,-0.15%,336,-,-,16358,16365,17360,16205,,盤後,,
2023/08/23,TX,202311  ,16425,16538,16425,16538,144,0.88%,47,16538,64,16538,16545,16538,16207,,一般,,
2023/08/23,TX,202311  ,16403,16442,16354,16354,-40,-0.24%,25,-,-,16359,16368,16528,16207,,盤後,,
2023/08/23,TX,202312  ,16390,16508,16386,16506,130,0.79%,49,16517,526,16513,16521,17310,13257,,一般,,
2023/08/23,TX,202312  ,16400,16420,16320,16320,-56,-0.34%,19,-,-,16340,16354,17310,13257,,盤後,,
2023/08/23,TX,202403  ,16376,16460,16376,16460,115,0.70%,4,16475,529,16470,16480,17258,14451,,一般,,
2023/08/23,TX,202403  ,16370,16370,16370,16370,25,0.15%,1,-,-,16305,16319,17258,14451,,盤後,,
2023/08/23,TX,202406  ,16370,16438,16360,16438,143,0.88%,9,16438,179,16436,16444,17122,16140,,一般,,
2023/08/23,TX,202406  ,16274,16274,16258,16258,-37,-0.23%,2,-,-,16263,16283,17122,16140,,盤後,,
2023/08/24,TX,202309  ,16788,16798,16670,16759,201,1.21%,108492,16756,63099,16758,16761,17386,11969,,一般,,
2023/08/24,TX,202309  ,16561,16765,16518,16762,204,1.23%,56512,-,-,16758,16763,17386,11969,,盤後,,
2023/08/24,TX,202310  ,16776,16780,16653,16744,201,1.22%,1296,16743,1718,16741,16745,17360,16205,,一般,,
2023/08/24,TX,202310  ,16545,16745,16507,16744,201,1.22%,717,-,-,16739,16744,17360,16205,,盤後,,
2023/08/24,TX,202311  ,16727,16768,16653,16733,195,1.18%,68,16733,80,16734,16741,16768,16207,,一般,,
2023/08/24,TX,202311  ,16535,16705,16501,16705,167,1.01%,99,-,-,16724,16742,16705,16207,,盤後,,
2023/08/24,TX,202312  ,16705,16736,16630,16690,173,1.05%,61,16711,529,16708,16715,17310,13257,,一般,,
2023/08/24,TX,202312  ,16537,16709,16481,16709,192,1.16%,48,-,-,16705,16712,17310,13257,,盤後,,
2023/08/24,TX,202403  ,16671,16671,16607,16670,195,1.18%,14,16670,529,16672,16686,17258,14451,,一般,,
2023/08/24,TX,202403  ,16507,16646,16498,16646,171,1.04%,7,-,-,16667,16692,17258,14451,,盤後,,
2023/08/24,TX,202406  ,16601,16642,16550,16625,187,1.14%,16,16625,177,16627,16635,17122,16140,,一般,,
2023/08/24,TX,202406  ,16450,16600,16450,16600,162,0.99%,11,-,-,16615,16643,17122,16140,,盤後,,
2023/08/25,TX,202309  ,16549,16586,16415,16421,-335,-2.00%,99877,16426,68389,16421,16422,17386,11969,,一般,,
2023/08/25,TX,202309  ,16754,16774,16523,16543,-213,-1.27%,66483,-,-,16536,16540,17386,11969,,盤後,,
2023/08/25,TX,202310  ,16535,16575,16413,16420,-323,-1.93%,925,16424,1821,16416,16420,17360,16205,,一般,,
2023/08/25,TX,202310  ,16743,16758,16520,16526,-217,-1.30%,891,-,-,16528,16536,17360,16205,,盤後,,
2023/08/25,TX,202311  ,16559,16567,16422,16423,-310,-1.85%,81,16423,96,16415,16422,16768,16207,,一般,,
2023/08/25,TX,202311  ,16750,16753,16518,16518,-215,-1.28%,53,-,-,16527,16535,16768,16207,,盤後,,
2023/08/25,TX,202312  ,16514,16544,16397,16400,-311,-1.86%,29,16400,521,16390,16399,17310,13257,,一般,,
2023/08/25,TX,202312  ,16708,16709,16498,16498,-213,-1.27%,57,-,-,16504,16517,17310,13257,,盤後,,
2023/08/25,TX,202403  ,16498,16505,16400,16400,-270,-1.62%,5,16364,527,16355,16373,17258,14451,,一般,,
2023/08/25,TX,202403  ,16660,16660,16467,16467,-203,-1.22%,12,-,-,16468,16483,17258,14451,,盤後,,
2023/08/25,TX,202406  ,16420,16420,16312,16316,-309,-1.86%,19,16316,175,16311,16331,17122,16140,,一般,,
2023/08/25,TX,202406  ,16550,16550,16402,16402,-223,-1.34%,12,-,-,16412,16444,17122,16140,,盤後,,
2023/08/28,TX,202309  ,16468,16548,16461,16490,64,0.39%,83055,16492,67225,16490,16494,17386,11969,,一般,,
2023/08/28,TX,202309  ,16391,16507,16362,16463,37,0.23%,73534,-,-,16465,16466,17386,11969,,盤後,,
2023/08/28,TX,202310  ,16443,16539,16443,16486,62,0.38%,559,16486,1843,16483,16489,17360,16205,,一般,,
2023/08/28,TX,202310  ,16393,16493,16361,16467,43,0.26%,608,-,-,16456,16462,17360,16205,,盤後,,
2023/08/28,TX,202311  ,16480,16527,16475,16480,57,0.35%,40,16480,103,16480,16488,16768,16207,,一般,,
2023/08/28,TX,202311  ,16402,16488,16380,16439,16,0.10%,32,-,-,16451,16466,16768,16207,,盤後,,
2023/08/28,TX,202312  ,16466,16510,16450,16480,80,0.49%,28,16462,529,16459,16465,17310,13257,,一般,,
2023/08/28,TX,202312  ,16380,16446,16364,16371,-29,-0.18%,21,-,-,16428,16443,17310,13257,,盤後,,
2023/08/28,TX,202403  ,16462,16462,16403,16435,71,0.43%,13,16435,532,16423,16435,17258,14451,,一般,,
2023/08/28,TX,202403  ,16364,16368,16341,16360,-4,-0.02%,8,-,-,16341,16440,17258,14451,,盤後,,
2023/08/28,TX,202406  ,16385,16420,16373,16377,61,0.37%,15,16377,175,16366,16381,17122,16140,,一般,,
2023/08/28,TX,202406  ,16295,16378,16255,16378,62,0.38%,13,-,-,16331,16376,17122,16140,,盤後,,
2023/08/29,TX,202309  ,16578,16632,16453,16624,132,0.80%,84833,16624,65142,16624,16625,17386,11969,,一般,,
2023/08/29,TX,202309  ,16501,16584,16470,16573,81,0.49%,37452,-,-,16572,16573,17386,11969,,盤後,,
2023/08/29,TX,202310  ,16568,16620,16450,16615,129,0.78%,976,16614,1929,16612,16615,17360,16205,,一般,,
2023/08/29,TX,202310  ,16490,16575,16467,16567,81,0.49%,416,-,-,16564,16567,17360,16205,,盤後,,
2023/08/29,TX,202311  ,16557,16616,16450,16614,134,0.81%,56,16614,109,16609,16614,16768,16207,,一般,,
2023/08/29,TX,202311  ,16485,16556,16477,16556,76,0.46%,29,-,-,16561,16566,16768,16207,,盤後,,
2023/08/29,TX,202312  ,16531,16589,16431,16584,122,0.74%,28,16584,529,16587,16593,17310,13257,,一般,,
2023/08/29,TX,202312  ,16462,16549,16462,16549,87,0.53%,20,-,-,16539,16545,17310,13257,,盤後,,
2023/08/29,TX,202403  ,16468,16550,16435,16545,110,0.67%,6,16545,531,16549,16562,17258,14451,,一般,,
2023/08/29,TX,202403  ,16410,16470,16410,16470,35,0.21%,3,-,-,16503,16514,17258,14451,,盤後,,
2023/08/29,TX,202406  ,16480,16480,16480,16480,103,0.63%,1,16498,175,16493,16504,17122,16140,,一般,,
2023/08/29,TX,202406  ,-,-,-,-,-,-,0,-,-,16446,16457,17122,16140,,盤後,,
2023/08/30,TX,202309  ,16738,16778,16695,16724,100,0.60%,69975,16723,64022,16724,16726,17386,11969,,一般,,
2023/08/30,TX,202309  ,16633,16733,16585,16731,107,0.64%,52950,-,-,16729,16731,17386,11969,,盤後,,
2023/08/30,TX,202310  ,16731,16764,16684,16712,98,0.59%,551,16712,2006,16711,16715,17360,16205,,一般,,
2023/08/30,TX,202310  ,16612,16717,16579,16717,103,0.62%,595,-,-,16714,16719,17360,16205,,盤後,,
2023/08/30,TX,202311  ,16709,16750,16687,16710,96,0.58%,26,16710,139,16706,16710,16768,16207,,一般,,
2023/08/30,TX,202311  ,16614,16709,16580,16709,95,0.57%,87,-,-,16708,16715,16768,16207,,盤後,,
2023/08/30,TX,202312  ,16699,16730,16651,16678,94,0.57%,39,16678,521,16682,16688,17310,13257,,一般,,
2023/08/30,TX,202312  ,16596,16685,16566,16684,100,0.60%,53,-,-,16687,16692,17310,13257,,盤後,,
2023/08/30,TX,202403  ,16680,16680,16645,16647,102,0.62%,9,16647,533,16643,16653,17258,14451,,一般,,
2023/08/30,TX,202403  ,16550,16600,16550,16591,46,0.28%,4,-,-,16650,16662,17258,14451,,盤後,,
2023/08/30,TX,202406  ,16623,16630,16602,16602,104,0.63%,3,16602,175,16584,16597,17122,16140,,一般,,
2023/08/30,TX,202406  ,-,-,-,-,-,-,0,-,-,16594,16607,17122,16140,,盤後,,
2023/08/31,TX,202309  ,16730,16731,16602,16628,-95,-0.57%,89842,16620,63416,16621,16625,17386,11969,,一般,,
2023/08/31,TX,202309  ,16715,16747,16672,16729,6,0.04%,39360,-,-,16726,16729,17386,11969,,盤後,,
2023/08/31,TX,202310  ,16712,16721,16598,16612,-100,-0.60%,685,16612,1949,16612,16619,17360,16205,,一般,,
2023/08/31,TX,202310  ,16707,16737,16663,16717,5,0.03%,437,-,-,16714,16720,17360,16205,,盤後,,
2023/08/31,TX,202311  ,16680,16680,16595,16610,-100,-0.60%,83,16610,147,16609,16617,16768,16207,,一般,,
2023/08/31,TX,202311  ,16700,16733,16666,16690,-20,-0.12%,18,-,-,16710,16717,16768,16207,,盤後,,
2023/08/31,TX,202312  ,16660,16660,16585,16586,-92,-0.55%,56,16586,521,16584,16592,17310,13257,,一般,,
2023/08/31,TX,202312  ,16650,16705,16640,16678,0,0.00%,32,-,-,16686,16693,17310,13257,,盤後,,
2023/08/31,TX,202403  ,16600,16600,16550,16572,-75,-0.45%,4,16553,532,16546,16560,17258,14451,,一般,,
2023/08/31,TX,202403  ,-,-,-,-,-,-,0,-,-,16651,16663,17258,14451,,盤後,,
2023/08/31,TX,202406  ,16550,16550,16490,16490,-112,-0.67%,5,16490,180,16494,16508,17122,16140,,一般,,
2023/08/31,TX,202406  ,16569,16607,16569,16607,5,0.03%,2,-,-,16592,16607,17122,16140,,盤後,,
2023/08/01,TX,202308/202309    ,-37,-35,-37,-35,-,-,5,-,-,-39,-36,-13,-38,,一般,459,
2023/08/01,TX,202308/202309    ,-32,-32,-32,-32,-,-,8,-,-,-36,-34,-13,-38,,盤後,0,
2023/08/01,TX,202308/202310    ,-,-,-,-,-,-,0,-,-,-62,-58,-33,-33,,一般,34,
2023/08/01,TX,202308/202312    ,-,-,-,-,-,-,0,-,-,-103,-99,-80,-94,,一般,13,
2023/08/01,TX,202308/202312    ,-94,-94,-94,-94,-,-,1,-,-,-99,-95,-80,-94,,盤後,0,
2023/08/01,TX,202308/202403    ,-,-,-,-,-,-,0,-,-,-166,-160,-,-,,一般,44,
2023/08/01,TX,202308/202406    ,-,-,-,-,-,-,0,-,-,-258,-250,-,-,,一般,3,
2023/08/01,TX,202309/202310    ,-,-,-,-,-,-,0,-,-,-25,-20,-11,-17,,一般,11,
2023/08/01,TX,202310/202312    ,-,-,-,-,-,-,0,-,-,-,-40,-,-,,一般,3,
2023/08/02,TX,202308/202309    ,-,-,-,-,-,-,0,-,-,-32,-30,-13,-38,,一般,1203,
2023/08/02,TX,202308/202310    ,-,-,-,-,-,-,0,-,-,-57,-52,-33,-33,,一般,134,
2023/08/02,TX,202308/202312    ,-,-,-,-,-,-,0,-,-,-96,-92,-80,-99,,一般,97,
2023/08/02,TX,202308/202312    ,-99,-99,-99,-99,-,-,1,-,-,-98,-95,-80,-99,,盤後,0,
2023/08/02,TX,202308/202403    ,-,-,-,-,-,-,0,-,-,-160,-152,-,-,,一般,20,
2023/08/02,TX,202308/202406    ,-,-,-,-,-,-,0,-,-,-253,-242,-,-,,一般,20,
2023/08/02,TX,202309/202310    ,-,-,-,-,-,-,0,-,-,-24,-16,-11,-17,,一般,3,
2023/08/02,TX,202309/202406    ,-,-,-,-,-,-,0,-,-,-221,-206,-151,-152,,一般,3,
2023/08/02,TX,202310/202312    ,-40,-39,-40,-39,-,-,3,-,-,-,-38,-39,-40,,一般,9,
2023/08/02,TX,202312/202403    ,-,-,-,-,-,-,0,-,-,-67,-57,-42,-61,,一般,3,
2023/08/04,TX,202308/202309    ,-32,-31,-32,-32,-,-,8,-,-,-35,-32,-13,-38,,一般,580,
2023/08/04,TX,202308/202309    ,-32,-32,-32,-32,-,-,1,-,-,-35,-31,-13,-38,,盤後,824,
2023/08/04,TX,202308/202310    ,-,-,-,-,-,-,0,-,-,-57,-54,-33,-58,,一般,38,
2023/08/04,TX,202308/202310    ,-58,-58,-58,-58,-,-,1,-,-,-56,-52,-33,-58,,盤後,46,
2023/08/04,TX,202308/202312    ,-,-,-,-,-,-,0,-,-,-96,-92,-80,-99,,一般,32,
2023/08/04,TX,202308/202312    ,-,-,-,-,-,-,0,-,-,-94,-90,-80,-99,,盤後,26,
2023/08/04,TX,202308/202403    ,-,-,-,-,-,-,0,-,-,-160,-155,-,-,,一般,5,
2023/08/04,TX,202308/202403    ,-,-,-,-,-,-,0,-,-,-161,-156,-,-,,盤後,8,
2023/08/04,TX,202308/202406    ,-,-,-,-,-,-,0,-,-,-247,-240,-,-,,一般,25,
2023/08/04,TX,202308/202406    ,-,-,-,-,-,-,0,-,-,-247,-239,-,-,,盤後,18,
2023/08/04,TX,202309/202310    ,-,-,-,-,-,-,0,-,-,-25,-18,-11,-17,,盤後,6,
2023/08/04,TX,202309/202406    ,-,-,-,-,-,-,0,-,-,-215,-206,-151,-152,,一般,3,
2023/08/04,TX,202309/202406    ,-,-,-,-,-,-,0,-,-,-215,-204,-151,-152,,盤後,5,
2023/08/04,TX,202310/202312    ,-,-,-,-,-,-,0,-,-,-,-38,-39,-40,,一般,3,
2023/08/04,TX,202310/202312    ,-,-,-,-,-,-,0,-,-,-,-37,-39,-40,,盤後,1,
2023/08/04,TX,202312/202403    ,-,-,-,-,-,-,0,-,-,-66,50,-42,-61,,一般,1,
2023/08/07,TX,202308/202309    ,-31,-31,-39,-35,-,-,32,-,-,-37,-35,-13,-39,,一般,1072,
2023/08/07,TX,202308/202309    ,-31,-31,-36,-36,-,-,4,-,-,-33,-30,-13,-38,,盤後,0,
2023/08/07,TX,202308/202310    ,-,-,-,-,-,-,0,-,-,-58,-55,-33,-58,,一般,61,
2023/08/07,TX,202308/202312    ,-,-,-,-,-,-,0,-,-,-98,-95,-80,-99,,一般,25,
2023/08/07,TX,202308/202403    ,-,-,-,-,-,-,0,-,-,-162,-156,-,-,,一般,10,
2023/08/07,TX,202308/202406    ,-,-,-,-,-,-,0,-,-,-249,-243,-,-,,一般,74,
2023/08/07,TX,202309/202406    ,-,-,-,-,-,-,0,-,-,-214,-199,-151,-152,,一般,1,
2023/08/07,TX,202312/202403    ,-,-,-,-,-,-,0,-,-,-67,50,-42,-61,,一般,2,
2023/08/08,TX,202308/202309    ,-30,-25,-30,-28,-,-,14,-,-,-28,-25,-13,-39,,一般,1273,
2023/08/08,TX,202308/202309    ,-33,-33,-33,-33,-,-,1,-,-,-34,-30,-13,-39,,盤後,0,
2023/08/08,TX,202308/202310    ,-,-,-,-,-,-,0,-,-,-44,-39,-33,-58,,一般,62,
2023/08/08,TX,202308/202312    ,-,-,-,-,-,-,0,-,-,-86,-82,-80,-99,,一般,34,
2023/08/08,TX,202308/202403    ,-,-,-,-,-,-,0,-,-,-146,-137,-,-,,一般,8,
2023/08/08,TX,202308/202406    ,-,-,-,-,-,-,0,-,-,-230,-221,-,-,,一般,22,
2023/08/08,TX,202309/202310    ,-,-,-,-,-,-,0,-,-,-20,-14,-11,-17,,一般,5,
2023/08/09,TX,202308/202309    ,-24,-24,-30,-28,-,-,13,-,-,-29,-26,-13,-39,,一般,1317,
2023/08/09,TX,202308/202309    ,-26,-26,-26,-26,-,-,1,-,-,-26,-23,-13,-39,,盤後,0,
2023/08/09,TX,202308/202310    ,-,-,-,-,-,-,0,-,-,-41,-39,-33,-58,,一般,78,
2023/08/09,TX,202308/202312    ,-80,-80,-80,-80,-,-,3,-,-,-80,-77,-80,-99,,一般,48,
2023/08/09,TX,202308/202403    ,-,-,-,-,-,-,0,-,-,-138,-131,-,-,,一般,18,
2023/08/09,TX,202308/202406    ,-,-,-,-,-,-,0,-,-,-221,-214,-,-,,一般,30,
2023/08/09,TX,202309/202310    ,-,-,-,-,-,-,0,-,-,-15,-9,-11,-17,,一般,6,
2023/08/09,TX,202309/202406    ,-,-,-,-,-,-,0,-,-,-196,-186,-151,-152,,一般,1,
2023/08/09,TX,202310/202312    ,-,-,-,-,-,-,0,-,-,-46,-39,-39,-40,,一般,18,
2023/08/09,TX,202312/202403    ,-,-,-,-,-,-,0,-,-,-57,50,-42,-61,,一般,1,
2023/08/10,TX,202308/202309    ,-19,-16,-23,-21,-,-,303,-,-,-22,-19,-13,-39,,一般,1639,
2023/08/10,TX,202308/202309    ,-29,-19,-29,-19,-,-,7,-,-,-22,-18,-13,-39,,盤後,0,
2023/08/10,TX,202308/202310    ,-26,-26,-26,-26,-,-,3,-,-,-34,-27,-26,-58,,一般,47,
2023/08/10,TX,202308/202312    ,-,-,-,-,-,-,0,-,-,-62,-57,-73,-99,,一般,78,
2023/08/10,TX,202308/202312    ,-73,-73,-73,-73,-,-,1,-,-,-72,-61,-73,-99,,盤後,0,
2023/08/10,TX,202308/202403    ,-,-,-,-,-,-,0,-,-,-117,-100,-,-,,一般,6,
2023/08/10,TX,202308/202406    ,-,-,-,-,-,-,0,-,-,-194,-180,-,-,,一般,26,
2023/08/10,TX,202309/202310    ,-6,-6,-6,-6,-,-,2,-,-,-12,-6,-6,-17,,一般,46,
2023/08/10,TX,202309/202403    ,-,-,-,-,-,-,0,-,-,-,-85,-91,-110,,一般,7,
2023/08/10,TX,202310/202312    ,-,-,-,-,-,-,0,-,-,-,-26,-39,-40,,一般,13,
2023/08/10,TX,202312/202403    ,-,-,-,-,-,-,0,-,-,-53,50,-42,-61,,一般,9,
2023/08/10,TX,202403/202406    ,-,-,-,-,-,-,0,-,-,-85,75,-62,-63,,一般,2,
2023/08/11,TX,202308/202309    ,-23,-16,-30,-21,-,-,1717,-,-,-24,-21,-13,-39,,一般,1427,
2023/08/11,TX,202308/202309    ,-22,-21,-25,-25,-,-,12,-,-,-23,-19,-13,-39,,盤後,0,
2023/08/11,TX,202308/202310    ,-,-,-,-,-,-,0,-,-,-34,-29,-26,-58,,一般,47,
2023/08/11,TX,202308/202312    ,-,-,-,-,-,-,0,-,-,-63,-57,-69,-99,,一般,28,
2023/08/11,TX,202308/202312    ,-69,-69,-69,-69,-,-,1,-,-,-63,-58,-69,-99,,盤後,0,
2023/08/11,TX,202308/202403    ,-,-,-,-,-,-,0,-,-,-113,-101,-,-,,一般,9,
2023/08/11,TX,202308/202406    ,-,-,-,-,-,-,0,-,-,-190,-173,-,-,,一般,2,
2023/08/11,TX,202309/202310    ,-,-,-,-,-,-,0,-,-,-11,-6,-6,-17,,一般,32,
2023/08/11,TX,202309/202312    ,-,-,-,-,-,-,0,-,-,-,-39,-40,-81,,一般,3,
2023/08/11,TX,202309/202403    ,-,-,-,-,-,-,0,-,-,-,-87,-91,-110,,一般,2,
2023/08/11,TX,202310/202312    ,-,-,-,-,-,-,0,-,-,-,-25,-39,-40,,一般,4,
2023/08/11,TX,202312/202403    ,-,-,-,-,-,-,0,-,-,-54,-41,-42,-61,,一般,1,
2023/08/14,TX,202308/202309    ,-21,-3,-23,-20,-,-,21367,-,-,-20,-17,-3,-39,,一般,6524,
2023/08/14,TX,202308/202309    ,-20,-18,-20,-20,-,-,12,-,-,-21,-17,-13,-39,,盤後,0,
2023/08/14,TX,202308/202310    ,-,-,-,-,-,-,0,-,-,-29,-19,-26,-58,,一般,39,
2023/08/14,TX,202308/202312    ,-,-,-,-,-,-,0,-,-,-52,-39,-69,-99,,一般,79,
2023/08/14,TX,202308/202403    ,-,-,-,-,-,-,0,-,-,-97,-86,-,-,,一般,24,
2023/08/14,TX,202308/202406    ,-114,-112,-114,-112,-,-,3,-,-,-153,-119,-112,-114,,一般,27,
2023/08/14,TX,202309/202310    ,-5,0,-5,-5,-,-,21,-,-,-9,-6,0,-17,,一般,130,
2023/08/14,TX,202309/202312    ,-,-,-,-,-,-,0,-,-,-,0,-40,-81,,一般,1,
2023/08/14,TX,202309/202403    ,-72,-72,-72,-72,-,-,4,-,-,-,-72,-72,-110,,一般,39,
2023/08/14,TX,202309/202406    ,-,-,-,-,-,-,0,-,-,-132,-110,-151,-152,,一般,3,
2023/08/14,TX,202310/202312    ,-,-,-,-,-,-,0,-,-,-,-21,-39,-40,,一般,10,
2023/08/14,TX,202312/202403    ,-,-,-,-,-,-,0,-,-,-47,50,-42,-61,,一般,10,
2023/08/14,TX,202403/202406    ,-,-,-,-,-,-,0,-,-,-,-43,-62,-63,,一般,2,
2023/08/15,TX,202308/202309    ,-23,-18,-27,-24,-,-,9673,-,-,-25,-23,-3,-39,,一般,9465,
2023/08/15,TX,202308/202309    ,-21,-21,-26,-26,-,-,56,-,-,-26,-23,-3,-39,,盤後,0,
2023/08/15,TX,202308/202310    ,-,-,-,-,-,-,0,-,-,-31,-27,-26,-58,,一般,69,
2023/08/15,TX,202308/202310    ,-28,-28,-33,-33,-,-,3,-,-,-35,-31,-26,-58,,盤後,0,
2023/08/15,TX,202308/202312    ,-54,-54,-61,-61,-,-,3,-,-,-61,-55,-54,-99,,一般,49,
2023/08/15,TX,202308/202403    ,-,-,-,-,-,-,0,-,-,-105,-93,-,-,,一般,8,
2023/08/15,TX,202308/202406    ,-,-,-,-,-,-,0,-,-,-162,-138,-112,-114,,一般,22,
2023/08/15,TX,202309/202310    ,-,-,-,-,-,-,0,-,-,-9,-5,0,-17,,一般,61,
2023/08/15,TX,202309/202312    ,-,-,-,-,-,-,0,-,-,-,-1,-40,-81,,一般,2,
2023/08/15,TX,202309/202403    ,-,-,-,-,-,-,0,-,-,-79,-71,-70,-110,,一般,14,
2023/08/15,TX,202309/202403    ,-72,-70,-72,-70,-,-,2,-,-,-,-69,-70,-110,,盤後,0,
2023/08/15,TX,202309/202406    ,-116,-116,-116,-116,-,-,3,-,-,-134,-108,-116,-152,,一般,17,
2023/08/15,TX,202310/202312    ,-,-,-,-,-,-,0,-,-,-,-23,-39,-40,,一般,3,
2023/08/15,TX,202312/202403    ,-47,-47,-47,-47,-,-,1,-,-,-45,50,-42,-61,,一般,6,
2023/08/15,TX,202403/202406    ,-43,-43,-43,-43,-,-,1,-,-,-,-44,-43,-63,,一般,7,
2023/08/16,TX,202308/202309    ,-15,-4,-24,-5,-,-,2351,-,-,-,-,-3,-39,,一般,10480,
2023/08/16,TX,202308/202309    ,-21,-17,-22,-17,-,-,92,-,-,-21,-17,-3,-39,,盤後,0,
2023/08/16,TX,202308/202310    ,-,-,-,-,-,-,0,-,-,-,-,-26,-58,,一般,20,
2023/08/16,TX,202308/202312    ,-,-,-,-,-,-,0,-,-,-,-,-54,-99,,一般,30,
2023/08/16,TX,202308/202403    ,-,-,-,-,-,-,0,-,-,-,-,-,-,,一般,6,
2023/08/16,TX,202308/202406    ,-,-,-,-,-,-,0,-,-,-,-,-112,-114,,一般,2,
2023/08/16,TX,202309/202310    ,-5,-5,-5,-5,-,-,12,-,-,-8,-6,0,-17,,一般,176,
2023/08/16,TX,202309/202312    ,-29,-29,-30,-30,-,-,2,-,-,-29,-26,-29,-81,,一般,33,
2023/08/16,TX,202309/202403    ,-66,-66,-66,-66,-,-,1,-,-,-68,-65,-66,-110,,一般,15,
2023/08/16,TX,202309/202406    ,-,-,-,-,-,-,0,-,-,-123,-114,-116,-152,,一般,4,
2023/08/16,TX,202310/202312    ,-,-,-,-,-,-,0,-,-,-27,-16,-39,-40,,一般,1,
2023/08/16,TX,202312/202403    ,-,-,-,-,-,-,0,-,-,-40,50,-42,-61,,一般,4,
2023/08/17,TX,202309/202310    ,-6,-2,-11,-11,-,-,92,-,-,-12,-10,0,-17,,一般,901,
2023/08/17,TX,202309/202310    ,-7,-6,-7,-6,-,-,10,-,-,-6,-3,0,-17,,盤後,0,
2023/08/17,TX,202309/202311    ,-,-,-,-,-,-,0,-,-,-15,-12,-,-,,一般,37,
2023/08/17,TX,202309/202312    ,-,-,-,-,-,-,0,-,-,-32,-29,-29,-81,,一般,80,
2023/08/17,TX,202309/202312    ,-30,-30,-30,-30,-,-,1,-,-,-26,-14,-29,-81,,盤後,0,
2023/08/17,TX,202309/202403    ,-,-,-,-,-,-,0,-,-,-67,-63,-66,-110,,一般,36,
2023/08/17,TX,202309/202406    ,-,-,-,-,-,-,0,-,-,-118,-107,-116,-152,,一般,12,
2023/08/17,TX,202310/202311    ,-,-,-,-,-,-,0,-,-,-9,0,-,-,,一般,8,
2023/08/17,TX,202312/202403    ,-,-,-,-,-,-,0,-,-,-39,-,-42,-61,,一般,7,
2023/08/17,TX,202403/202406    ,-,-,-,-,-,-,0,-,-,-,-38,-43,-63,,一般,1,
2023/08/18,TX,202309/202310    ,-7,-7,-16,-9,-,-,86,-,-,-10,-7,0,-17,,一般,911,
2023/08/18,TX,202309/202310    ,-9,-9,-11,-11,-,-,2,-,-,-6,-3,0,-17,,盤後,0,
2023/08/18,TX,202309/202311    ,-,-,-,-,-,-,0,-,-,-14,-2,-,-,,一般,14,
2023/08/18,TX,202309/202312    ,-34,-28,-34,-28,-,-,7,-,-,-33,-20,-28,-81,,一般,30,
2023/08/18,TX,202309/202312    ,-28,-28,-28,-28,-,-,1,-,-,-27,-20,-28,-81,,盤後,0,
2023/08/18,TX,202309/202403    ,-65,-65,-65,-65,-,-,1,-,-,-130,-51,-65,-110,,一般,0,
2023/08/18,TX,202309/202406    ,-,-,-,-,-,-,0,-,-,-173,-95,-116,-152,,一般,3,
2023/08/18,TX,202310/202311    ,-2,-2,-2,-2,-,-,1,-,-,-4,2,-2,-2,,一般,32,
2023/08/18,TX,202310/202406    ,-,-,-,-,-,-,0,-,-,-103,-87,-,-,,一般,4,
2023/08/18,TX,202311/202312    ,-,-,-,-,-,-,0,-,-,-,-,-,-,,一般,1,
2023/08/21,TX,202309/202310    ,-13,-13,-13,-13,-,-,1,-,-,-10,-8,0,-17,,一般,362,
2023/08/21,TX,202309/202310    ,-10,-10,-10,-10,-,-,5,-,-,-12,-6,0,-17,,盤後,0,
2023/08/21,TX,202309/202311    ,-,-,-,-,-,-,0,-,-,-10,-5,-,-,,一般,9,
2023/08/21,TX,202309/202312    ,-,-,-,-,-,-,0,-,-,-24,-20,-20,-81,,一般,23,
2023/08/21,TX,202309/202312    ,-20,-20,-20,-20,-,-,1,-,-,-40,-19,-20,-81,,盤後,0,
2023/08/21,TX,202309/202403    ,-,-,-,-,-,-,0,-,-,-64,-55,-65,-110,,一般,1,
2023/08/21,TX,202310/202311    ,-,-,-,-,-,-,0,-,-,-2,3,-2,-2,,一般,3,
2023/08/21,TX,202310/202312    ,-,-,-,-,-,-,0,-,-,-18,-4,-39,-40,,一般,2,
2023/08/21,TX,202312/202403    ,-,-,-,-,-,-,0,-,-,-38,75,-34,-61,,一般,3,
2023/08/21,TX,202312/202403    ,-34,-34,-34,-34,-,-,1,-,-,-34,50,-34,-61,,盤後,0,
2023/08/22,TX,202309/202310    ,-,-,-,-,-,-,0,-,-,-10,-7,0,-17,,一般,295,
2023/08/22,TX,202309/202310    ,-9,-9,-13,-13,-,-,15,-,-,-14,-11,0,-17,,盤後,0,
2023/08/22,TX,202309/202311    ,-,-,-,-,-,-,0,-,-,-11,-6,-,-,,一般,43,
2023/08/22,TX,202309/202312    ,-,-,-,-,-,-,0,-,-,-30,-26,-20,-81,,一般,26,
2023/08/22,TX,202309/202403    ,-,-,-,-,-,-,0,-,-,-63,-60,-65,-110,,一般,6,
2023/08/22,TX,202309/202406    ,-,-,-,-,-,-,0,-,-,-103,-94,-116,-152,,一般,2,
2023/08/23,TX,202309/202310    ,-12,-12,-22,-22,-,-,51,-,-,-19,-14,0,-22,,一般,708,
2023/08/23,TX,202309/202310    ,-7,-7,-7,-7,-,-,5,-,-,-11,-7,0,-17,,盤後,0,
2023/08/23,TX,202309/202311    ,-,-,-,-,-,-,0,-,-,-23,-14,-,-,,一般,7,
2023/08/23,TX,202309/202312    ,-42,-42,-42,-42,-,-,1,-,-,-45,-39,-20,-81,,一般,29,
2023/08/23,TX,202309/202312    ,-27,-27,-27,-27,-,-,1,-,-,-29,-20,-20,-81,,盤後,0,
2023/08/23,TX,202310/202311    ,-,-,-,-,-,-,0,-,-,-5,-1,-2,-2,,一般,33,
2023/08/23,TX,202310/202406    ,-,-,-,-,-,-,0,-,-,-107,-95,-,-,,一般,9,
2023/08/23,TX,202311/202312    ,-,-,-,-,-,-,0,-,-,-,-20,-,-,,一般,2,
2023/08/23,TX,202312/202403    ,-,-,-,-,-,-,0,-,-,-47,-15,-34,-61,,一般,1,
2023/08/24,TX,202309/202310    ,-,-,-,-,-,-,0,-,-,-17,-13,0,-22,,一般,749,
2023/08/24,TX,202309/202311    ,-,-,-,-,-,-,0,-,-,-24,-19,-,-,,一般,47,
2023/08/24,TX,202309/202312    ,-44,-44,-51,-51,-,-,8,-,-,-50,-46,-20,-81,,一般,48,
2023/08/24,TX,202309/202312    ,-39,-39,-39,-39,-,-,2,-,-,-57,-51,-20,-81,,盤後,0,
2023/08/24,TX,202309/202403    ,-,-,-,-,-,-,0,-,-,-86,-75,-65,-110,,一般,12,
2023/08/24,TX,202309/202406    ,-118,-118,-118,-118,-,-,1,-,-,-131,-126,-116,-152,,一般,14,
2023/08/24,TX,202310/202311    ,-,-,-,-,-,-,0,-,-,-9,-4,-2,-2,,一般,13,
2023/08/24,TX,202311/202312    ,-,-,-,-,-,-,0,-,-,-29,-16,-,-,,一般,2,
2023/08/24,TX,202403/202406    ,-,-,-,-,-,-,0,-,-,-,-38,-43,-63,,一般,1,
2023/08/25,TX,202309/202310    ,-4,-4,-4,-4,-,-,4,-,-,-5,-2,0,-22,,一般,561,
2023/08/25,TX,202309/202310    ,-14,-9,-14,-9,-,-,20,-,-,-8,-4,0,-22,,盤後,0,
2023/08/25,TX,202309/202311    ,-,-,-,-,-,-,0,-,-,-6,0,-,-,,一般,24,
2023/08/25,TX,202309/202312    ,-,-,-,-,-,-,0,-,-,-31,-23,-20,-81,,一般,17,
2023/08/25,TX,202309/202312    ,-37,-37,-37,-37,-,-,1,-,-,-32,-23,-20,-81,,盤後,0,
2023/08/25,TX,202309/202406    ,-,-,-,-,-,-,0,-,-,-110,-91,-116,-152,,一般,11,
2023/08/25,TX,202310/202311    ,-,-,-,-,-,-,0,-,-,-2,-1,-2,-2,,一般,53,
2023/08/25,TX,202310/202403    ,-,-,-,-,-,-,0,-,-,-60,25,-,-,,一般,1,
2023/08/25,TX,202310/202406    ,-,-,-,-,-,-,0,-,-,-104,-89,-,-,,一般,7,
2023/08/25,TX,202311/202312    ,-,-,-,-,-,-,0,-,-,-25,-13,-,-,,一般,1,
2023/08/28,TX,202309/202310    ,-8,-5,-8,-7,-,-,38,-,-,-7,-5,0,-22,,一般,368,
2023/08/28,TX,202309/202310    ,-9,-5,-10,-10,-,-,25,-,-,-9,-4,0,-22,,盤後,0,
2023/08/28,TX,202309/202311    ,-,-,-,-,-,-,0,-,-,-10,-6,-4,-5,,一般,36,
2023/08/28,TX,202309/202311    ,-4,-4,-5,-5,-,-,2,-,-,-14,0,-4,-5,,盤後,0,
2023/08/28,TX,202309/202312    ,-,-,-,-,-,-,0,-,-,-31,-29,-20,-81,,一般,18,
2023/08/28,TX,202309/202403    ,-56,-56,-56,-56,-,-,1,-,-,-67,-57,-56,-110,,一般,12,
2023/08/28,TX,202309/202406    ,-,-,-,-,-,-,0,-,-,-124,-113,-116,-152,,一般,13,
2023/08/28,TX,202310/202311    ,-,-,-,-,-,-,0,-,-,-3,0,-2,-2,,一般,4,
2023/08/28,TX,202310/202406    ,-,-,-,-,-,-,0,-,-,-119,-108,-,-,,一般,2,
2023/08/28,TX,202311/202312    ,-,-,-,-,-,-,0,-,-,-27,-14,-,-,,一般,1,
2023/08/29,TX,202309/202310    ,-6,-6,-10,-10,-,-,5,-,-,-12,-10,0,-22,,一般,696,
2023/08/29,TX,202309/202310    ,-5,-5,-6,-6,-,-,43,-,-,-8,-6,0,-22,,盤後,0,
2023/08/29,TX,202309/202311    ,-,-,-,-,-,-,0,-,-,-15,-10,-4,-10,,一般,32,
2023/08/29,TX,202309/202311    ,-10,-10,-10,-10,-,-,1,-,-,-11,-7,-4,-10,,盤後,0,
2023/08/29,TX,202309/202312    ,-,-,-,-,-,-,0,-,-,-37,-32,-20,-81,,一般,26,
2023/08/29,TX,202309/202312    ,-29,-29,-29,-29,-,-,1,-,-,-33,-28,-20,-81,,盤後,0,
2023/08/29,TX,202309/202403    ,-,-,-,-,-,-,0,-,-,-75,-63,-56,-110,,一般,6,
2023/08/29,TX,202309/202406    ,-,-,-,-,-,-,0,-,-,-131,-121,-116,-152,,一般,1,
2023/08/29,TX,202310/202311    ,-,-,-,-,-,-,0,-,-,-4,0,-2,-3,,一般,20,
2023/08/29,TX,202310/202311    ,-3,-3,-3,-3,-,-,2,-,-,-3,0,-2,-3,,盤後,0,
2023/08/29,TX,202311/202312    ,-16,-14,-16,-14,-,-,2,-,-,-27,-13,-14,-16,,盤後,0,
2023/08/30,TX,202309/202310    ,-13,-13,-14,-14,-,-,3,-,-,-13,-10,0,-22,,一般,411,
2023/08/30,TX,202309/202311    ,-,-,-,-,-,-,0,-,-,-18,-14,-4,-10,,一般,20,
2023/08/30,TX,202309/202312    ,-,-,-,-,-,-,0,-,-,-42,-38,-20,-81,,一般,33,
2023/08/30,TX,202309/202403    ,-,-,-,-,-,-,0,-,-,-81,-69,-56,-110,,一般,6,
2023/08/30,TX,202309/202406    ,-,-,-,-,-,-,0,-,-,-140,-127,-116,-152,,一般,2,
2023/08/30,TX,202310/202311    ,-,-,-,-,-,-,0,-,-,-6,-2,-2,-3,,一般,2,
2023/08/30,TX,202310/202312    ,-,-,-,-,-,-,0,-,-,-30,1,-39,-40,,一般,4,
2023/08/30,TX,202310/202406    ,-,-,-,-,-,-,0,-,-,-128,-118,-,-,,一般,1,
2023/08/30,TX,202311/202312    ,-,-,-,-,-,-,0,-,-,-29,-21,-14,-16,,一般,1,
2023/08/31,TX,202309/202310    ,-7,-7,-8,-8,-,-,13,-,-,-9,-6,0,-22,,一般,576,
2023/08/31,TX,202309/202311    ,-,-,-,-,-,-,0,-,-,-12,-8,-4,-10,,一般,67,
2023/08/31,TX,202309/202312    ,-,-,-,-,-,-,0,-,-,-37,-33,-20,-81,,一般,52,
2023/08/31,TX,202309/202403    ,-,-,-,-,-,-,0,-,-,-75,-65,-56,-110,,一般,2,
2023/08/31,TX,202309/202406    ,-,-,-,-,-,-,0,-,-,-127,-117,-116,-152,,一般,5,
2023/08/31,TX,202310/202311    ,-,-,-,-,-,-,0,-,-,-4,-1,-2,-3,,一般,18,
2023/08/31,TX,202310/202403    ,-,-,-,-,-,-,0,-,-,-,25,-,-,,一般,1,
2023/08/31,TX,202312/202403    ,-,-,-,-,-,-,0,-,-,-37,75,-34,-61,,一般,1,
